round_epochs,loss,accuracy,precision,recall,matthews,f1score,val_loss,val_accuracy,val_precision,val_recall,val_matthews,val_f1score,dropout,num_neurons,batch_size,epochs
5,0.2610720098018646,0.8904923796653748,0.9026264548301697,0.876013457775116,0.8349833488464355,0.8885530829429626,1.5037263631820679,0.5470737814903259,0.5478993058204651,0.5133333206176758,0.3110111951828003,0.5292156934738159,0.1,16,16,32
10,0.2402365803718567,0.9117147922515869,0.9140121936798096,0.901520311832428,0.8624182939529419,0.9075376987457275,1.7005563974380493,0.5445292592048645,0.5481172204017639,0.528333306312561,0.3149777352809906,0.5377440452575684,0.1,16,16,64
5,0.3173474967479706,0.8743633031845093,0.9022942781448364,0.8512213826179504,0.8176145553588867,0.8756082057952881,1.2805616855621338,0.5267175436019897,0.5406714677810669,0.4895833432674408,0.289455384016037,0.5135600566864014,0.1,16,32,32
7,0.21884292364120483,0.9193548560142517,0.932231068611145,0.9061201214790344,0.8793101906776428,0.9187761545181274,1.427249789237976,0.5343511700630188,0.5328016877174377,0.4991987347602844,0.28545472025871277,0.5153236389160156,0.1,16,32,64
5,0.3567116856575012,0.8743633031845093,0.8937034606933594,0.8459007740020752,0.8070777654647827,0.8689737915992737,1.0724114179611206,0.5445292592048645,0.5644882917404175,0.4873511791229248,0.31347349286079407,0.5219358801841736,0.1,16,64,32
8,0.22833049297332764,0.9244481921195984,0.9344074726104736,0.9104883074760437,0.8843418955802917,0.9222093820571899,1.2936936616897583,0.5419847369194031,0.5268600583076477,0.4895833134651184,0.27362409234046936,0.5073830485343933,0.1,16,64,64
8,0.10155602544546127,0.9651952385902405,0.967736542224884,0.9611486196517944,0.9467622637748718,0.9643362760543823,2.229083776473999,0.5267175436019897,0.521760106086731,0.4983333349227905,0.27604904770851135,0.5091964602470398,0.1,32,16,32
9,0.10367511957883835,0.9592529535293579,0.9634572863578796,0.9552364945411682,0.9391561150550842,0.9591851234436035,2.341949462890625,0.5521628260612488,0.5479798913002014,0.5308333039283752,0.3158523440361023,0.5390027165412903,0.1,32,16,64
6,0.13009588420391083,0.9516128897666931,0.9548277854919434,0.9451013803482056,0.9251313209533691,0.9498735666275024,1.6647523641586304,0.5368956923484802,0.5296347737312317,0.5088140964508057,0.2855117619037628,0.5189103484153748,0.1,32,32,32
8,0.09773208200931549,0.9702886343002319,0.9744150042533875,0.9662162065505981,0.955597460269928,0.9702233076095581,1.9223145246505737,0.5572519302368164,0.555720865726471,0.5352564454078674,0.324142724275589,0.5451890230178833,0.1,32,32,64
8,0.10783245414495468,0.9609507918357849,0.9717637300491333,0.9613487124443054,0.9499611258506775,0.9664890170097351,1.611301064491272,0.5445292592048645,0.531478226184845,0.5052083134651184,0.28532901406288147,0.5178975462913513,0.1,32,64,32
21,0.06105020269751549,0.9804753661155701,0.982690691947937,0.9802631735801697,0.972235918045044,0.9814608693122864,2.4139597415924072,0.516539454460144,0.4945133328437805,0.4828868806362152,0.23707808554172516,0.48860815167427063,0.1,32,64,64
8,0.04943862557411194,0.9838709831237793,0.9847410321235657,0.9839527010917664,0.976545512676239,0.9843341708183289,2.9066450595855713,0.5318065881729126,0.5261666178703308,0.5208333134651184,0.2879469394683838,0.523413896560669,0.1,64,16,32
11,0.05916988104581833,0.9804753661155701,0.9813626408576965,0.974662184715271,0.967075526714325,0.9779044389724731,3.69395112991333,0.5368956923484802,0.5275000333786011,0.5183333158493042,0.2875269949436188,0.5227687954902649,0.1,64,16,64
6,0.04635866731405258,0.9881154298782349,0.9896427989006042,0.9862916469573975,0.9819703102111816,0.9879406094551086,2.1479601860046387,0.5190839767456055,0.5057950615882874,0.4895833432674408,0.2522183358669281,0.4974174499511719,0.1,64,32,32
7,0.0448453463613987,0.9847198724746704,0.9847972989082336,0.9847972989082336,0.9771959185600281,0.9847972989082336,2.2104194164276123,0.5496183037757874,0.5443806648254395,0.5304487347602844,0.3099525272846222,0.5372318625450134,0.1,64,32,64
4,0.0972445011138916,0.9770798087120056,0.9804539680480957,0.9688132405281067,0.9620763063430786,0.9745437502861023,1.5084716081619263,0.5292620658874512,0.5158249735832214,0.4873511791229248,0.26105400919914246,0.5011058449745178,0.1,64,64,32
12,0.02071313001215458,0.9966044425964355,0.9967105388641357,0.9967105388641357,0.9950658082962036,0.9967105388641357,2.2311508655548096,0.5343511700630188,0.5255167484283447,0.5029761791229248,0.27980250120162964,0.5138778686523438,0.1,64,64,64
6,0.016956210136413574,0.9966044425964355,0.9974662065505981,0.994087815284729,0.9936913251876831,0.9956935048103333,2.7868058681488037,0.5394402146339417,0.5393333435058594,0.5333333015441895,0.3060216009616852,0.5362365245819092,0.1,128,16,32
10,0.04952416941523552,0.9881154298782349,0.9897522926330566,0.9839527010917664,0.9803519248962402,0.9867590069770813,5.234323501586914,0.5394402146339417,0.5366666913032532,0.5333333015441895,0.30406928062438965,0.5349462032318115,0.1,128,16,64
5,0.024045608937740326,0.9966044425964355,0.9974662065505981,0.9966216087341309,0.9955682754516602,0.9970372319221497,2.236884593963623,0.5318065881729126,0.5277365446090698,0.5160256624221802,0.2865743637084961,0.5217080116271973,0.1,128,32,32
7,0.013879210688173771,0.9966044425964355,0.9966216087341309,0.9966216087341309,0.9949324131011963,0.9966216087341309,2.4020743370056152,0.5318065881729126,0.5269585847854614,0.5160256624221802,0.2853899300098419,0.5213057994842529,0.1,128,32,64
4,0.03646067902445793,0.9983022212982178,0.9991645812988281,0.9950658082962036,0.9956901669502258,0.9970791339874268,1.799747347831726,0.5343511700630188,0.5137360692024231,0.5029761791229248,0.266055166721344,0.5082446336746216,0.1,128,64,32
8,0.015345579944550991,0.9983022212982178,0.9983552694320679,0.9983552694320679,0.9975329041481018,0.9983552694320679,2.230703830718994,0.516539454460144,0.4975229799747467,0.4851190447807312,0.24156199395656586,0.4911809265613556,0.1,128,64,64
10,0.1536157727241516,0.9770798087120056,0.9779842495918274,0.9741554260253906,0.964150071144104,0.9759942889213562,10.14957332611084,0.5139949321746826,0.5065000057220459,0.503333330154419,0.2590053975582123,0.5048655271530151,0.1,256,16,32
9,0.007100192829966545,0.9983022212982178,0.9983108043670654,0.9983108043670654,0.9974662065505981,0.9983108043670654,3.4425435066223145,0.5190839767456055,0.5167381167411804,0.5108333230018616,0.27224791049957275,0.5136290192604065,0.1,256,16,64
7,0.007200386840850115,0.9991511106491089,0.9991554021835327,0.9991554021835327,0.9987331032752991,0.9991554021835327,2.504185914993286,0.4987277388572693,0.4986955225467682,0.4895833432674408,0.2441336065530777,0.4939771890640259,0.1,256,32,32
9,0.005009013693779707,0.9991511106491089,0.9991554021835327,0.9991554021835327,0.9987331032752991,0.9991554021835327,2.715526580810547,0.508905827999115,0.5059449672698975,0.4967948794364929,0.2549486756324768,0.5012972950935364,0.1,256,32,64
9,0.006722334306687117,0.9991511106491089,0.9991776347160339,0.9991776347160339,0.9987664222717285,0.9991776347160339,2.476736545562744,0.5368956923484802,0.5125586986541748,0.5007440447807312,0.26393917202949524,0.5065377950668335,0.1,256,64,32
14,0.005077606998383999,0.9991511106491089,0.9991776347160339,0.9991776347160339,0.9987664222717285,0.9991776347160339,2.7458646297454834,0.5394402146339417,0.5122199654579163,0.5007440447807312,0.2629750072956085,0.5063838958740234,0.1,256,64,64
10,0.004408408422023058,0.9991511106491089,0.9991554021835327,0.9991554021835327,0.9987331032752991,0.9991554021835327,3.2175276279449463,0.5419847369194031,0.5435000061988831,0.5358332991600037,0.311340868473053,0.5395429134368896,0.1,512,16,32
8,0.003928055055439472,0.9991511106491089,0.9991554021835327,0.9991554021835327,0.9987331032752991,0.9991554021835327,3.0472123622894287,0.5292620658874512,0.5239999294281006,0.5183333158493042,0.283393919467926,0.5210751891136169,0.1,512,16,64
6,0.005140464287251234,0.9991511106491089,0.9991554021835327,0.9991554021835327,0.9987331032752991,0.9991554021835327,2.627498149871826,0.5343511700630188,0.5272480249404907,0.5136218070983887,0.2845960259437561,0.5202521681785583,0.1,512,32,32
10,0.003120904555544257,0.9991511106491089,0.9991554021835327,0.9991554021835327,0.9987331032752991,0.9991554021835327,2.9277684688568115,0.5496183037757874,0.5434191226959229,0.5352564454078674,0.3113771677017212,0.5392283201217651,0.1,512,32,64
4,0.01241280697286129,0.9983022212982178,0.9991776347160339,0.9950658082962036,0.9956907033920288,0.9970989227294922,2.303454875946045,0.5267175436019897,0.5017713308334351,0.4851190447807312,0.24568073451519012,0.49324432015419006,0.1,512,64,32
9,0.004925678484141827,0.9991511106491089,0.9991776347160339,0.9991776347160339,0.9987664222717285,0.9991776347160339,2.512559175491333,0.5445292592048645,0.5241020917892456,0.5141369104385376,0.28165164589881897,0.5190600752830505,0.1,512,64,64
8,0.17949004471302032,0.9422750473022461,0.9507802724838257,0.9282094836235046,0.909792423248291,0.9390137195587158,1.7682745456695557,0.5368956923484802,0.5351883172988892,0.5083333253860474,0.2949528098106384,0.5207489728927612,0.2,16,16,32
7,0.21719668805599213,0.9286926984786987,0.933606743812561,0.9172297120094299,0.8887491822242737,0.9250370860099792,1.6584022045135498,0.5190839767456055,0.5266153812408447,0.4933333098888397,0.27867019176483154,0.5087655782699585,0.2,16,16,64
6,0.23269039392471313,0.9202037453651428,0.930698812007904,0.9014423489570618,0.8750700950622559,0.9156132340431213,1.416511058807373,0.5496183037757874,0.5489300489425659,0.4991987347602844,0.30297887325286865,0.5221726298332214,0.2,16,32,32
11,0.18660904467105865,0.9286926984786987,0.9380242824554443,0.9221024513244629,0.8955177068710327,0.9298858642578125,1.664897084236145,0.5419847369194031,0.5371673703193665,0.5136218070983887,0.295570969581604,0.5249339938163757,0.2,16,32,64
9,0.1976032704114914,0.9363327622413635,0.9461875557899475,0.9259868264198303,0.9046369791030884,0.9358996152877808,1.4892234802246094,0.5343511700630188,0.5203743577003479,0.4717261791229248,0.25874704122543335,0.4945860207080841,0.2,16,64,32
15,0.18052026629447937,0.9295415878295898,0.9365043640136719,0.9239625334739685,0.8956294059753418,0.9300876259803772,1.6523021459579468,0.5470737814903259,0.5430946946144104,0.5233134627342224,0.3058251440525055,0.5329886674880981,0.2,16,64,64
6,0.10141926258802414,0.9668930172920227,0.9701014161109924,0.9614865183830261,0.9488668441772461,0.9656410217285156,2.1576404571533203,0.5521628260612488,0.5431904792785645,0.5233333110809326,0.3075072765350342,0.5327080488204956,0.2,32,16,32
10,0.1003476157784462,0.9651952385902405,0.9703266024589539,0.9636824131011963,0.9505845308303833,0.9668973088264465,2.5982179641723633,0.5318065881729126,0.5264925956726074,0.51583331823349,0.2871302366256714,0.5209048390388489,0.2,32,16,64
4,0.1487869769334793,0.9575551748275757,0.9603201150894165,0.9415281414985657,0.9267736673355103,0.9506921768188477,1.5232200622558594,0.5318065881729126,0.5327028632164001,0.4871794879436493,0.2809763252735138,0.5087677240371704,0.2,32,32,32
11,0.08063385635614395,0.9736841917037964,0.9752597212791443,0.96875,0.9581220746040344,0.9719398021697998,2.3072257041931152,0.554707407951355,0.5501538515090942,0.5304487347602844,0.31714102625846863,0.5399609208106995,0.2,32,32,64
4,0.19493207335472107,0.9439728260040283,0.9562677145004272,0.9350329041481018,0.9189043641090393,0.945457935333252,1.3174577951431274,0.5419847369194031,0.5350427627563477,0.478422611951828,0.27606162428855896,0.5047606229782104,0.2,32,64,32
8,0.0948653444647789,0.9677419066429138,0.9759007692337036,0.9671052694320679,0.9573674201965332,0.9714491963386536,1.7101060152053833,0.5445292592048645,0.5206623673439026,0.5096725821495056,0.276179701089859,0.5150867104530334,0.2,32,64,64
4,0.07203374803066254,0.979626476764679,0.9809122085571289,0.9733108282089233,0.965715765953064,0.9769598245620728,2.08731746673584,0.5597964525222778,0.5518937706947327,0.5308333039283752,0.3201676309108734,0.5407426357269287,0.2,64,16,32
8,0.03716408461332321,0.9881154298782349,0.9890202879905701,0.9847972989082336,0.980385959148407,0.9868407249450684,2.9964241981506348,0.5394402146339417,0.5300952792167664,0.5208333134651184,0.2922426462173462,0.5252902507781982,0.2,64,16,64
5,0.05948390066623688,0.9872665405273438,0.9907094836235046,0.9786902666091919,0.9771061539649963,0.9845333695411682,2.0182135105133057,0.5343511700630188,0.5297182202339172,0.5088140964508057,0.2864389717578888,0.5189295411109924,0.2,64,32,32
7,0.036265578120946884,0.990662157535553,0.9907094836235046,0.9898648858070374,0.9854331016540527,0.9902804493904114,2.23846435546875,0.5241730213165283,0.5162506103515625,0.4991987347602844,0.2669682204723358,0.5074314475059509,0.2,64,32,64
6,0.05176389217376709,0.988964319229126,0.9889165759086609,0.9864625334739685,0.9815428853034973,0.9876798391342163,1.7996045351028442,0.5470737814903259,0.525259256362915,0.5052083134651184,0.2787732779979706,0.5150025486946106,0.2,64,64,32
7,0.04440954700112343,0.9923599362373352,0.9933815002441406,0.9884868264198303,0.9864252805709839,0.9909083843231201,1.9890860319137573,0.5343511700630188,0.5174011588096619,0.4962797462940216,0.26662877202033997,0.5065472722053528,0.2,64,64,64
6,0.01710110902786255,0.9974533319473267,0.9974662065505981,0.9949324131011963,0.9943127036094666,0.9961584806442261,3.0406246185302734,0.5445292592048645,0.5410000085830688,0.5358332991600037,0.3094579577445984,0.53829026222229,0.2,128,16,32
11,0.045649364590644836,0.9838709831237793,0.9854649901390076,0.9805743098258972,0.9746284484863281,0.9829137921333313,5.6972198486328125,0.5445292592048645,0.5349524021148682,0.5308333039283752,0.30155181884765625,0.5327956676483154,0.2,128,16,64
4,0.024085016921162605,0.9974533319473267,0.9972713589668274,0.9947375655174255,0.9940137267112732,0.9959843754768372,2.0669918060302734,0.5419847369194031,0.5396091938018799,0.5256410241127014,0.3036508858203888,0.5324328541755676,0.2,128,32,32
7,0.011270055547356606,0.9991511106491089,0.9991554021835327,0.9991554021835327,0.9987331032752991,0.9991554021835327,2.3838729858398438,0.5445292592048645,0.5366108417510986,0.5208333730697632,0.2980266809463501,0.5285088419914246,0.2,128,32,64
8,0.012544308789074421,0.9991511106491089,0.9991776347160339,0.9991776347160339,0.9987664222717285,0.9991776347160339,2.2396202087402344,0.554707407951355,0.5380321741104126,0.5208333134651184,0.30121222138404846,0.5291739106178284,0.2,128,64,32
7,0.016947975382208824,0.9983022212982178,0.9983552694320679,0.9983552694320679,0.9975329041481018,0.9983552694320679,2.2547404766082764,0.5445292592048645,0.5242169499397278,0.507440447807312,0.2792103886604309,0.5156133770942688,0.2,128,64,64
9,0.004875476937741041,0.9991511106491089,0.9991554021835327,0.9991554021835327,0.9987331032752991,0.9991554021835327,3.356691598892212,0.5343511700630188,0.5328332781791687,0.528333306312561,0.2970162034034729,0.530510663986206,0.2,256,16,32
10,0.07068502902984619,0.9872665405273438,0.9873310923576355,0.9873310923576355,0.9809966087341309,0.9873310923576355,11.901466369628906,0.5216284990310669,0.5183333158493042,0.5183333158493042,0.2775000035762787,0.5183332562446594,0.2,256,16,64
5,0.008110015653073788,0.9991511106491089,0.9991554021835327,0.9991554021835327,0.9987331032752991,0.9991554021835327,2.462677001953125,0.5445292592048645,0.536812424659729,0.5280448794364929,0.3016854226589203,0.5323183536529541,0.2,256,32,32
14,0.004712145775556564,0.9991511106491089,0.9991554021835327,0.9991554021835327,0.9987331032752991,0.9991554021835327,3.183471441268921,0.5470737814903259,0.5375827550888062,0.5352564454078674,0.30556291341781616,0.536401093006134,0.2,256,32,64
7,0.008148607797920704,0.9991511106491089,0.9991776347160339,0.9991776347160339,0.9987664222717285,0.9991776347160339,2.440189838409424,0.5394402146339417,0.515514612197876,0.5007440447807312,0.2667297422885895,0.5079819560050964,0.2,256,64,32
24,0.002791570033878088,0.9991511106491089,0.9991776347160339,0.9991776347160339,0.9987664222717285,0.9991776347160339,3.1130781173706055,0.5445292592048645,0.520393967628479,0.511904776096344,0.27691856026649475,0.5160560607910156,0.2,256,64,64
4,0.007217259146273136,0.9983022212982178,0.9983108043670654,0.9983108043670654,0.9974662065505981,0.9983108043670654,2.8055152893066406,0.4987277388572693,0.5011189579963684,0.4883333146572113,0.24763727188110352,0.4944891333580017,0.2,512,16,32
7,0.07217860221862793,0.9847198724746704,0.9841779470443726,0.9809122085571289,0.9738770723342896,0.9824923872947693,13.70179557800293,0.4656488597393036,0.46783334016799927,0.4633333086967468,0.2004469484090805,0.46551066637039185,0.2,512,16,64
11,0.005180135369300842,0.9991511106491089,0.9991554021835327,0.9991554021835327,0.9987331032752991,0.9991554021835327,3.275670289993286,0.516539454460144,0.5080622434616089,0.4991987347602844,0.25846055150032043,0.5034742951393127,0.2,512,32,32
20,0.003269931534305215,0.9991511106491089,0.9991554021835327,0.9991554021835327,0.9987331032752991,0.9991554021835327,3.5307390689849854,0.5241730213165283,0.5171681046485901,0.5088140964508057,0.2726761996746063,0.5129103660583496,0.2,512,32,64
5,0.00530279753729701,0.9991511106491089,0.9991776347160339,0.9991776347160339,0.9987664222717285,0.9991776347160339,2.7596826553344727,0.5318065881729126,0.5139867067337036,0.5052083134651184,0.2669852674007416,0.5094926953315735,0.2,512,64,32
10,0.0038551981560885906,0.9991511106491089,0.9979757070541382,0.9979757070541382,0.996963620185852,0.9979757070541382,2.835796594619751,0.5368956923484802,0.515628457069397,0.5096725821495056,0.27093443274497986,0.5126172304153442,0.2,512,64,64
6,0.22162671387195587,0.9193548560142517,0.9233108758926392,0.9065878391265869,0.8729067444801331,0.9146214127540588,1.6330749988555908,0.5139949321746826,0.5151312351226807,0.49027779698371887,0.26542073488235474,0.5019426345825195,0.3,16,16,32
9,0.19361205399036407,0.9193548560142517,0.9286919832229614,0.909966230392456,0.8796826004981995,0.9189752340316772,1.760494351387024,0.5496183037757874,0.5502655506134033,0.5308333039283752,0.3176707923412323,0.5400779843330383,0.3,16,16,64
11,0.1891108900308609,0.9286926984786987,0.9333295822143555,0.9187240600585938,0.8893863558769226,0.9258817434310913,1.7603780031204224,0.5521628260612488,0.5432927012443542,0.5136218070983887,0.3006197214126587,0.527847170829773,0.3,16,32,32
8,0.2420017272233963,0.9117147922515869,0.9178004860877991,0.8982588052749634,0.8627104759216309,0.9077960848808289,1.5733513832092285,0.5190839767456055,0.525043785572052,0.4919871985912323,0.27305248379707336,0.507764458656311,0.3,16,32,64
6,0.2975911796092987,0.8879456520080566,0.902754008769989,0.865700900554657,0.8280142545700073,0.8836783170700073,1.2456504106521606,0.554707407951355,0.547187864780426,0.5052083134651184,0.30395588278770447,0.525100588798523,0.3,16,64,32
8,0.22199647128582,0.9269949197769165,0.9329936504364014,0.9116269946098328,0.8841605186462402,0.9220899343490601,1.4390233755111694,0.5012722611427307,0.4895658791065216,0.4538690447807312,0.21945583820343018,0.4708513617515564,0.3,16,64,64
4,0.10853926837444305,0.9694397449493408,0.9709459543228149,0.9645270109176636,0.9517651200294495,0.9676330089569092,1.7552698850631714,0.5292620658874512,0.5245073437690735,0.4908333122730255,0.2734057605266571,0.5065929889678955,0.3,32,16,32
14,0.10538602620363235,0.9668930172920227,0.967792809009552,0.962837815284729,0.9480416774749756,0.9652353525161743,3.072310447692871,0.5292620658874512,0.5249999761581421,0.51583331823349,0.2847077250480652,0.5202687382698059,0.3,32,16,64
9,0.07048898935317993,0.9728353023529053,0.9766698479652405,0.9725831747055054,0.9620022177696228,0.9745941162109375,2.125500202178955,0.5394402146339417,0.5263315439224243,0.5112179517745972,0.283357709646225,0.5184954404830933,0.3,32,32,32
9,0.09126180410385132,0.9677419066429138,0.9704391956329346,0.962837815284729,0.9499877691268921,0.9665504693984985,2.111778736114502,0.5343511700630188,0.5226007699966431,0.5040064454078674,0.27655407786369324,0.5130006074905396,0.3,32,32,64
4,0.1637379378080368,0.9592529535293579,0.9651316404342651,0.9547697305679321,0.9400705099105835,0.9598907828330994,1.362404704093933,0.5368956923484802,0.536156177520752,0.4985118806362152,0.28890159726142883,0.516514778137207,0.3,32,64,32
7,0.09946959465742111,0.9736841917037964,0.9744654297828674,0.9704579710960388,0.958737313747406,0.9724458456039429,1.7477803230285645,0.5419847369194031,0.5259353518486023,0.4985118806362152,0.27657222747802734,0.5116842985153198,0.3,32,64,64
4,0.051820237189531326,0.9864176511764526,0.9889639616012573,0.9839527010917664,0.9797353744506836,0.9863775372505188,2.211135149002075,0.5368956923484802,0.5303333401679993,0.5183333158493042,0.29047396779060364,0.5241397619247437,0.3,64,16,32
7,0.054964903742074966,0.9804753661155701,0.9805743098258972,0.9797297120094299,0.9702326059341431,0.9801384210586548,2.910282611846924,0.516539454460144,0.5131666660308838,0.503333330154419,0.26693809032440186,0.5080692172050476,0.3,64,16,64
6,0.03666602820158005,0.9915110468864441,0.9923714399337769,0.9881756901741028,0.9854322671890259,0.9902402758598328,2.1976616382598877,0.5216284990310669,0.5193275809288025,0.4967948794364929,0.269042432308197,0.5076912641525269,0.3,64,32,32
7,0.03714296221733093,0.9872665405273438,0.9873310923576355,0.9864864945411682,0.9803655743598938,0.9869020581245422,2.3922693729400635,0.5318065881729126,0.5320409536361694,0.5112179517745972,0.2891237139701843,0.5212724804878235,0.3,64,32,64
4,0.07671718299388885,0.9898132681846619,0.992559552192688,0.9876644611358643,0.9851897358894348,0.9900927543640137,1.6103240251541138,0.5343511700630188,0.5148942470550537,0.4873511791229248,0.2606954276561737,0.5006453394889832,0.3,64,64,32
7,0.040709756314754486,0.9923599362373352,0.9942173361778259,0.9917762875556946,0.9895085692405701,0.9929871559143066,1.9969518184661865,0.5267175436019897,0.5063765645027161,0.4918154776096344,0.25325965881347656,0.49893951416015625,0.3,64,64,64
5,0.025808759033679962,0.9923599362373352,0.9927365183830261,0.9910473227500916,0.9878469109535217,0.9918646812438965,2.7378976345062256,0.5139949321746826,0.5082857012748718,0.4933333098888397,0.25690367817878723,0.5004945397377014,0.3,128,16,32
10,0.08030678331851959,0.9821732044219971,0.9830518364906311,0.9797297120094299,0.972132682800293,0.981308102607727,5.763058662414551,0.5267175436019897,0.5189999938011169,0.51583331823349,0.27775537967681885,0.5173655152320862,0.3,128,16,64
4,0.025787387043237686,0.9957554936408997,0.9966216087341309,0.9957770109176636,0.9943013787269592,0.9961926341056824,2.089672327041626,0.5394402146339417,0.5349048972129822,0.5184295177459717,0.29607340693473816,0.5264452695846558,0.3,128,32,32
9,0.009863272309303284,0.9974533319473267,0.9974662065505981,0.9974662065505981,0.9961993098258972,0.9974662065505981,2.8301119804382324,0.5419847369194031,0.53254234790802,0.5256410241127014,0.29557207226753235,0.5290172100067139,0.3,128,32,64
4,0.032650403678417206,0.9957554936408997,0.9966974854469299,0.9917762875556946,0.9913673400878906,0.9942173957824707,1.8771114349365234,0.5343511700630188,0.519973874092102,0.4985118806362152,0.2701055407524109,0.5089617967605591,0.3,128,64,32
11,0.009231855161488056,0.9983022212982178,0.9983552694320679,0.9983552694320679,0.9975329041481018,0.9983552694320679,2.4687891006469727,0.5318065881729126,0.5082089304924011,0.5007440447807312,0.25895634293556213,0.504386842250824,0.3,128,64,64
7,0.005986896809190512,0.9991511106491089,0.9991554021835327,0.9991554021835327,0.9987331032752991,0.9991554021835327,3.2017667293548584,0.5063613057136536,0.5031666159629822,0.49583330750465393,0.2521439492702484,0.4993816316127777,0.3,256,16,32
11,0.1702193319797516,0.971137523651123,0.9721283912658691,0.9712837934494019,0.9575636386871338,0.9716924428939819,11.041563987731934,0.5597964525222778,0.5558333396911621,0.5558333396911621,0.33375000953674316,0.5558332800865173,0.3,256,16,64
8,0.005564677994698286,0.9991511106491089,0.9991554021835327,0.9991554021835327,0.9987331032752991,0.9991554021835327,2.5827178955078125,0.5241730213165283,0.5178970098495483,0.5112179517745972,0.27385443449020386,0.5144821405410767,0.3,256,32,32
14,0.004149437416344881,0.9991511106491089,0.9991554021835327,0.9991554021835327,0.9987331032752991,0.9991554021835327,3.2270302772521973,0.5470737814903259,0.5414270758628845,0.5304487347602844,0.30843523144721985,0.5356972217559814,0.3,256,32,64
9,0.005999930668622255,0.9991511106491089,0.9991776347160339,0.9991776347160339,0.9987664222717285,0.9991776347160339,2.516375780105591,0.5343511700630188,0.5147467255592346,0.5029761791229248,0.26643869280815125,0.5087412595748901,0.3,256,64,32
7,0.006956086494028568,0.9991511106491089,0.9991776347160339,0.9991776347160339,0.9987664222717285,0.9991776347160339,2.4645564556121826,0.5318065881729126,0.5079399347305298,0.5029761791229248,0.2596801817417145,0.505428671836853,0.3,256,64,64
6,0.2934558391571045,0.9626485705375671,0.9641891717910767,0.9603040814399719,0.943516731262207,0.962183952331543,12.546211242675781,0.4758269786834717,0.46833327412605286,0.46583330631256104,0.20250000059604645,0.4670429527759552,0.3,512,16,32
11,0.02301863394677639,0.9949066042900085,0.9957770109176636,0.9932432174682617,0.9917789101600647,0.9944692850112915,21.336381912231445,0.508905827999115,0.5058333277702332,0.5058333277702332,0.25874999165534973,0.5058332681655884,0.3,512,16,64
8,0.003955238498747349,0.9991511106491089,0.9991554021835327,0.9991554021835327,0.9987331032752991,0.9991554021835327,2.817943811416626,0.5267175436019897,0.5214639902114868,0.5112179517745972,0.2779043912887573,0.5162175893783569,0.3,512,32,32
14,0.0035097578074783087,0.9991511106491089,0.9991554021835327,0.9991554021835327,0.9987331032752991,0.9991554021835327,3.483710289001465,0.5267175436019897,0.516878604888916,0.5088140964508057,0.2716708779335022,0.5127626061439514,0.3,512,32,64
4,0.00653843954205513,0.9991511106491089,0.9991776347160339,0.9991776347160339,0.9987664222717285,0.9991776347160339,2.639709949493408,0.5190839767456055,0.5058292150497437,0.4962797462940216,0.2547178268432617,0.5009492039680481,0.3,512,64,32
7,0.004638327285647392,0.9991511106491089,0.9991776347160339,0.9991776347160339,0.9987664222717285,0.9991776347160339,2.679703950881958,0.5445292592048645,0.5208687782287598,0.5186011791229248,0.2804279029369354,0.5197259783744812,0.3,512,64,64
5,0.2339937686920166,0.9040747284889221,0.9120494723320007,0.8952702879905701,0.8562588691711426,0.90336012840271,1.5496636629104614,0.5572519302368164,0.558419406414032,0.5208333134651184,0.3215745985507965,0.5384459495544434,0.4,16,16,32
13,0.1892840564250946,0.9295415878295898,0.9325754046440125,0.920945942401886,0.8906087875366211,0.9264897704124451,2.0141777992248535,0.5572519302368164,0.5450426340103149,0.51583331823349,0.30711886286735535,0.529284656047821,0.4,16,16,64
7,0.2368459403514862,0.9134125709533691,0.9217178821563721,0.9045608043670654,0.8702970743179321,0.912977397441864,1.5392695665359497,0.554707407951355,0.5450857877731323,0.5160256624221802,0.304507315158844,0.529822826385498,0.4,16,32,32
7,0.1908300518989563,0.9346349835395813,0.9446460604667664,0.926130473613739,0.903495192527771,0.9351748824119568,1.5943362712860107,0.5394402146339417,0.53333580493927,0.5040064454078674,0.2878777086734772,0.5177809000015259,0.4,16,32,64
6,0.26575154066085815,0.9142614603042603,0.9214327931404114,0.8866396546363831,0.8571661114692688,0.9036121368408203,1.2856618165969849,0.5419847369194031,0.5344616770744324,0.4694940447807312,0.27426618337631226,0.4998056888580322,0.4,16,64,32
14,0.18463820219039917,0.9346349835395813,0.940097987651825,0.9285171627998352,0.9017680287361145,0.9342381358146667,1.6557395458221436,0.5419847369194031,0.5279568433761597,0.5029761791229248,0.2824086844921112,0.5150068402290344,0.4,16,64,64
6,0.10790018737316132,0.9685908555984497,0.9711712002754211,0.9653716087341309,0.9524803161621094,0.9681777954101562,2.1297667026519775,0.5343511700630188,0.5300238132476807,0.5083333253860474,0.2857208549976349,0.5186934471130371,0.4,32,16,32
10,0.0853259339928627,0.9694397449493408,0.9707207679748535,0.9657095074653625,0.9523705244064331,0.9681342840194702,2.7336487770080566,0.5139949321746826,0.5066666603088379,0.4983333349227905,0.2572077512741089,0.5023655295372009,0.4,32,16,64
4,0.13196231424808502,0.9626485705375671,0.9681149125099182,0.9565358757972717,0.943629264831543,0.9621773958206177,1.6628385782241821,0.5419847369194031,0.5337825417518616,0.4991987347602844,0.2844908535480499,0.5155187249183655,0.4,32,32,32
13,0.05924917012453079,0.9813242554664612,0.9810290932655334,0.9810290932655334,0.9715436697006226,0.9810290932655334,2.465055227279663,0.5470737814903259,0.5378677845001221,0.5232371687889099,0.3002919554710388,0.5303632020950317,0.4,32,32,64
4,0.17803966999053955,0.9567062854766846,0.964939534664154,0.944964587688446,0.9327136874198914,0.954755961894989,1.318561315536499,0.5572519302368164,0.5577366948127747,0.4985118806362152,0.3097448945045471,0.526328444480896,0.4,32,64,32
9,0.07807262986898422,0.9847198724746704,0.9851059913635254,0.9794408082962036,0.9734547138214111,0.9822443723678589,1.8359614610671997,0.5318065881729126,0.5202749371528625,0.494047611951828,0.2711530029773712,0.5066848993301392,0.4,32,64,64
5,0.04618341475725174,0.9830220937728882,0.9854730367660522,0.9797297120094299,0.9739959239959717,0.982508659362793,2.412122964859009,0.5038167834281921,0.499749094247818,0.4908333122730255,0.2489609271287918,0.49503862857818604,0.4,64,16,32
15,0.06220996007323265,0.9847198724746704,0.9864301681518555,0.9814189076423645,0.9759348034858704,0.9838437438011169,5.655702590942383,0.4987277388572693,0.49150002002716064,0.4883333146572113,0.2365054190158844,0.4898655414581299,0.4,64,16,64
7,0.03527157008647919,0.9915110468864441,0.9913591742515564,0.9913591742515564,0.9870386719703674,0.9913591742515564,2.7363333702087402,0.5470737814903259,0.5416253209114075,0.5304487347602844,0.3071003258228302,0.5359259843826294,0.4,64,32,32
9,0.03412511944770813,0.990662157535553,0.9904583096504211,0.9888254404067993,0.9844924211502075,0.9896155595779419,2.66799259185791,0.5139949321746826,0.5119796395301819,0.5029380321502686,0.26502278447151184,0.5073555707931519,0.4,64,32,64
7,0.03227710351347923,0.9940577149391174,0.9942434430122375,0.9942434430122375,0.9913651347160339,0.9942434430122375,2.020690679550171,0.5190839767456055,0.49198421835899353,0.4739583134651184,0.2311287820339203,0.482739120721817,0.4,64,64,32
7,0.03530431538820267,0.9966044425964355,0.9966974854469299,0.9958881735801697,0.9944453239440918,0.9962896108627319,2.0516302585601807,0.5343511700630188,0.5076864957809448,0.4918154776096344,0.25460076332092285,0.4995350241661072,0.4,64,64,64
6,0.031352777034044266,0.990662157535553,0.9907094836235046,0.9890202879905701,0.9848063588142395,0.989837646484375,2.941032886505127,0.5139949321746826,0.5056904554367065,0.49583330750465393,0.25498026609420776,0.5005536675453186,0.4,128,16,32
11,0.1260354071855545,0.9660441279411316,0.9669482111930847,0.9653716087341309,0.9492902755737305,0.9661344289779663,6.947173118591309,0.5292620658874512,0.5258333086967468,0.5258333086967468,0.2887499928474426,0.5258333086967468,0.4,128,16,64
6,0.014209907501935959,0.9966044425964355,0.9966216087341309,0.9966216087341309,0.9949324131011963,0.9966216087341309,2.495959758758545,0.5241730213165283,0.5133167505264282,0.5040064454078674,0.26583045721054077,0.508566677570343,0.4,128,32,32
7,0.01866421289741993,0.9966044425964355,0.9966216087341309,0.9966216087341309,0.9949324131011963,0.9966216087341309,2.4319305419921875,0.5394402146339417,0.5276161432266235,0.5088140964508057,0.2829556465148926,0.5179173946380615,0.4,128,32,64
4,0.03391636535525322,0.9949066042900085,0.9946731925010681,0.9930415153503418,0.9907933473587036,0.993850827217102,1.9127508401870728,0.5419847369194031,0.5396942496299744,0.5029761791229248,0.2944050133228302,0.520577609539032,0.4,128,64,32
12,0.007927165366709232,0.9991511106491089,0.9991776347160339,0.9991776347160339,0.9987664222717285,0.9991776347160339,2.7011373043060303,0.5445292592048645,0.5209039449691772,0.5096725821495056,0.2762787640094757,0.5151717066764832,0.4,128,64,64
4,0.008472255431115627,0.9991511106491089,0.9991554021835327,0.9974662065505981,0.997475266456604,0.9982835650444031,2.5406839847564697,0.5445292592048645,0.5468571186065674,0.5383332967758179,0.31635797023773193,0.5424085855484009,0.4,256,16,32
9,0.18907669186592102,0.9626485705375671,0.9636261463165283,0.9611486196517944,0.9436154961585999,0.9623473882675171,10.23770523071289,0.468193382024765,0.46388888359069824,0.46388888359069824,0.19583334028720856,0.46388885378837585,0.4,256,16,64
4,0.010387683287262917,0.9991511106491089,0.9991554021835327,0.9991554021835327,0.9987331032752991,0.9991554021835327,2.3315882682800293,0.5445292592048645,0.5385217666625977,0.5232371687889099,0.30144166946411133,0.5306761264801025,0.4,256,32,32
11,0.006113847717642784,0.9991511106491089,0.9991554021835327,0.9991554021835327,0.9987331032752991,0.9991554021835327,3.274980068206787,0.508905827999115,0.5015784502029419,0.4967948794364929,0.2506047487258911,0.4990948438644409,0.4,256,32,64
4,0.013051318936049938,0.9991511106491089,0.9991776347160339,0.9991776347160339,0.9987664222717285,0.9991776347160339,2.175257444381714,0.5368956923484802,0.5184990167617798,0.5029761791229248,0.27119526267051697,0.5105853080749512,0.4,256,64,32
20,0.0038940696977078915,0.9991511106491089,0.9991776347160339,0.9991776347160339,0.9987664222717285,0.9991776347160339,3.1028096675872803,0.5623409748077393,0.5383452773094177,0.5342261791229248,0.30540189146995544,0.5362582802772522,0.4,256,64,64
4,0.005244615953415632,0.9991511106491089,0.9991554021835327,0.9991554021835327,0.9987331032752991,0.9991554021835327,2.8879659175872803,0.5368956923484802,0.5413333177566528,0.5308333039283752,0.30678778886795044,0.5359139442443848,0.4,512,16,32
19,0.005106726661324501,0.9991511106491089,0.9991554021835327,0.9983108043670654,0.9981042146682739,0.9987195134162903,4.368034362792969,0.5674300193786621,0.562666654586792,0.5583333373069763,0.3426772654056549,0.5604079365730286,0.4,512,16,64
5,0.005205252207815647,0.9991511106491089,0.9991554021835327,0.9991554021835327,0.9987331032752991,0.9991554021835327,2.660083293914795,0.5394402146339417,0.5337055325508118,0.5256410241127014,0.2969081401824951,0.5296092629432678,0.4,512,32,32
9,0.004667963366955519,0.9991511106491089,0.9991554021835327,0.9991554021835327,0.9987331032752991,0.9991554021835327,3.0095083713531494,0.5521628260612488,0.5433364510536194,0.5328525900840759,0.31044402718544006,0.5379876494407654,0.4,512,32,64
7,0.005206416826695204,0.9991511106491089,0.9991776347160339,0.9991776347160339,0.9987664222717285,0.9991776347160339,2.6415674686431885,0.5267175436019897,0.509066104888916,0.4985118806362152,0.2592730224132538,0.5037125945091248,0.4,512,64,32
9,0.003971458412706852,0.9991511106491089,0.9991776347160339,0.9991776347160339,0.9987664222717285,0.9991776347160339,2.70559024810791,0.5343511700630188,0.5109331607818604,0.4985118806362152,0.26082903146743774,0.5045689344406128,0.4,512,64,64
4,0.2390253096818924,0.9066213965415955,0.9180160760879517,0.8978040814399719,0.8626698851585388,0.9073928594589233,1.4612951278686523,0.4885496199131012,0.49911537766456604,0.4633333086967468,0.23833976686000824,0.47988349199295044,0.5,16,16,32
9,0.1902407854795456,0.9227504134178162,0.9291585683822632,0.915878415107727,0.8842575550079346,0.9222772717475891,1.8654308319091797,0.5216284990310669,0.5265567302703857,0.5058333277702332,0.28253307938575745,0.515626847743988,0.5,16,16,64
5,0.24078811705112457,0.9117147922515869,0.9215624928474426,0.8976091742515564,0.8653205633163452,0.9092554450035095,1.404065728187561,0.5470737814903259,0.5502457022666931,0.5136218070983887,0.3087385892868042,0.5305870771408081,0.5,16,32,32
7,0.21284319460391998,0.9269949197769165,0.9356704950332642,0.9164500832557678,0.8895612955093384,0.9258283376693726,1.502332329750061,0.5292620658874512,0.5325262546539307,0.4967948794364929,0.28450992703437805,0.5135340690612793,0.5,16,32,64
4,0.35258907079696655,0.8777589201927185,0.899176836013794,0.8454579710960388,0.8111298084259033,0.8712925314903259,1.1470469236373901,0.5496183037757874,0.5431656837463379,0.4694940447807312,0.28438469767570496,0.5034139752388,0.5,16,64,32
7,0.24184966087341309,0.9159592390060425,0.9240188598632812,0.90175861120224,0.8699967265129089,0.9126871228218079,1.334429383277893,0.5394402146339417,0.519707202911377,0.494047611951828,0.2683694064617157,0.5063602328300476,0.5,16,64,64
4,0.12717881798744202,0.9516128897666931,0.957480788230896,0.9467905163764954,0.9283832907676697,0.9519071578979492,1.8207422494888306,0.5394402146339417,0.5447380542755127,0.5133333206176758,0.30348482728004456,0.5282095670700073,0.5,32,16,32
9,0.10281822830438614,0.9634974598884583,0.9645271301269531,0.958108127117157,0.942136824131012,0.961214005947113,2.708324670791626,0.5394402146339417,0.5330128073692322,0.5183333158493042,0.29503384232521057,0.5251882076263428,0.5,32,16,64
7,0.08972485363483429,0.9685908555984497,0.9705634117126465,0.962448000907898,0.9499089121818542,0.966428279876709,2.020843267440796,0.5470737814903259,0.5385574102401733,0.5184295177459717,0.30016565322875977,0.5281606912612915,0.5,32,32,32
7,0.09640196710824966,0.9668930172920227,0.9690957069396973,0.9658263921737671,0.951241672039032,0.9674350619316101,1.951022982597351,0.5394402146339417,0.537017285823822,0.5136218070983887,0.29461434483528137,0.5249205827713013,0.5,32,32,64
4,0.1742999404668808,0.9533106684684753,0.9657319784164429,0.9383856058120728,0.9285614490509033,0.9517595171928406,1.429731011390686,0.5496183037757874,0.5309779644012451,0.4985118806362152,0.2818329632282257,0.5140814781188965,0.5,32,64,32
10,0.09170608222484589,0.9651952385902405,0.9701837301254272,0.9629934430122375,0.9499764442443848,0.9665476083755493,1.917059302330017,0.5521628260612488,0.528928816318512,0.5029761791229248,0.28103139996528625,0.5155261754989624,0.5,32,64,64
4,0.06961721181869507,0.9847198724746704,0.9880630970001221,0.9814189076423645,0.9771891236305237,0.9846339821815491,2.292221784591675,0.5445292592048645,0.5392417311668396,0.5208333134651184,0.30134543776512146,0.5295887589454651,0.5,64,16,32
11,0.041172053664922714,0.9855687618255615,0.9856418967247009,0.983445942401886,0.9768314957618713,0.984494686126709,4.066633224487305,0.5241730213165283,0.5219999551773071,0.5108333230018616,0.2789047360420227,0.5162364840507507,0.5,64,16,64
8,0.01945643499493599,0.9991511106491089,0.9991554021835327,0.9983108043670654,0.9981020092964172,0.9987264275550842,2.620959758758545,0.5572519302368164,0.5495296120643616,0.5400640964508057,0.3199758231639862,0.5447006821632385,0.5,64,32,32
7,0.021400997415184975,0.9949066042900085,0.9957770109176636,0.9949324131011963,0.9930344820022583,0.9953480362892151,2.4643242359161377,0.5241730213165283,0.512101948261261,0.5016025900840759,0.2635798752307892,0.5067216157913208,0.5,64,32,64
6,0.03960087150335312,0.9923599362373352,0.9942434430122375,0.9893091917037964,0.9876716136932373,0.9917568564414978,1.9019972085952759,0.5394402146339417,0.5293980240821838,0.507440447807312,0.2836908996105194,0.5181177854537964,0.5,64,64,32
10,0.031734660267829895,0.9940577149391174,0.9942303895950317,0.9934210777282715,0.9907446503639221,0.9938225150108337,2.328662872314453,0.5292620658874512,0.517029881477356,0.5007440447807312,0.27073192596435547,0.5086295008659363,0.5,64,64,64
6,0.022163230925798416,0.9940577149391174,0.9949324131011963,0.9932432174682617,0.9911408424377441,0.9940606355667114,3.246713638305664,0.516539454460144,0.5178333520889282,0.5108333230018616,0.27451619505882263,0.5142204165458679,0.5,128,16,32
7,0.024163709953427315,0.9957554936408997,0.9956563711166382,0.994087815284729,0.9923683404922485,0.9948198199272156,3.515976667404175,0.5190839767456055,0.5154523253440857,0.5083333253860474,0.27081263065338135,0.5117472410202026,0.5,128,16,64
4,0.02380296215415001,0.9974533319473267,0.9974662065505981,0.9966216087341309,0.9955682754516602,0.9970372319221497,2.091892957687378,0.5267175436019897,0.5177308917045593,0.5040064454078674,0.2702189087867737,0.5106405019760132,0.5,128,32,32
15,0.014450011774897575,0.9957554936408997,0.9966216087341309,0.9957770109176636,0.9943013787269592,0.9961926341056824,3.9715147018432617,0.5318065881729126,0.526364803314209,0.5208333730697632,0.2869460880756378,0.5235288739204407,0.5,128,32,64
5,0.019622378051280975,0.9991511106491089,0.9991776347160339,0.9991776347160339,0.9987664222717285,0.9991776347160339,2.125356674194336,0.5267175436019897,0.516328752040863,0.5007440447807312,0.2678791880607605,0.5083400011062622,0.5,128,64,32
7,0.012284240685403347,0.9991511106491089,0.9991776347160339,0.9991776347160339,0.9987664222717285,0.9991776347160339,2.229072093963623,0.5318065881729126,0.5125009417533875,0.4985118806362152,0.26308202743530273,0.5053716897964478,0.5,128,64,64
4,0.01291262824088335,0.9974533319473267,0.9974662065505981,0.994087815284729,0.9936836957931519,0.9957225918769836,2.8399441242218018,0.5343511700630188,0.5334999561309814,0.5308333039283752,0.2991330921649933,0.5321236252784729,0.5,256,16,32
11,0.003688543802127242,0.9991511106491089,0.9991554021835327,0.9991554021835327,0.9987331032752991,0.9991554021835327,3.439842700958252,0.5394402146339417,0.5381666421890259,0.5333333015441895,0.3046439290046692,0.5356720089912415,0.5,256,16,64
6,0.005604211241006851,0.9991511106491089,0.9991554021835327,0.9991554021835327,0.9987331032752991,0.9991554021835327,2.753309488296509,0.5241730213165283,0.5235657095909119,0.5088140964508057,0.27870815992355347,0.5159883499145508,0.5,256,32,32
8,0.005406777374446392,0.9991511106491089,0.9991554021835327,0.9991554021835327,0.9987331032752991,0.9991554021835327,2.700786828994751,0.5267175436019897,0.5217424631118774,0.5112179517745972,0.27801787853240967,0.5163220763206482,0.5,256,32,64
5,0.011714360676705837,0.9991511106491089,0.9991776347160339,0.9975329041481018,0.9975352883338928,0.9983488321304321,2.1295597553253174,0.5445292592048645,0.5213993191719055,0.5029761791229248,0.27398255467414856,0.5119154453277588,0.5,256,64,32
7,0.006035263650119305,0.9991511106491089,0.9991776347160339,0.9991776347160339,0.9987664222717285,0.9991776347160339,2.562350034713745,0.5267175436019897,0.5076385736465454,0.4962797462940216,0.25708624720573425,0.5017435550689697,0.5,256,64,64
5,0.005160750821232796,0.9991511106491089,0.9991554021835327,0.9983108043670654,0.9981042146682739,0.9987195134162903,3.5521764755249023,0.5343511700630188,0.5386666655540466,0.5308333039283752,0.3039047122001648,0.5346236228942871,0.5,512,16,32
9,0.3627200424671173,0.9567062854766846,0.9567567706108093,0.9559122323989868,0.9345061779022217,0.9563208818435669,14.275097846984863,0.5318065881729126,0.531499981880188,0.528333306312561,0.2965054214000702,0.5298655033111572,0.5,512,16,64
13,0.0025015503633767366,0.9983022212982178,0.9991554021835327,0.9983108043670654,0.9981020092964172,0.9987264275550842,3.6693103313446045,0.5445292592048645,0.5382030606269836,0.5304487347602844,0.3040051758289337,0.5342446565628052,0.5,512,32,32
11,0.003397134831175208,0.9991511106491089,0.9991554021835327,0.9991554021835327,0.9987331032752991,0.9991554021835327,3.202420473098755,0.5139949321746826,0.514208197593689,0.5040064454078674,0.26708781719207764,0.5088731050491333,0.5,512,32,64
7,0.004314482677727938,0.9991511106491089,0.9991776347160339,0.9991776347160339,0.9987664222717285,0.9991776347160339,2.618741512298584,0.5267175436019897,0.5009920597076416,0.4985118806362152,0.2503741681575775,0.49974220991134644,0.5,512,64,32
11,0.004137245938181877,0.9991511106491089,0.9991776347160339,0.9991776347160339,0.9987664222717285,0.9991776347160339,2.7794079780578613,0.5419847369194031,0.5172308087348938,0.507440447807312,0.27154290676116943,0.5122674107551575,0.5,512,64,64
